Actual_Economic_Loss,Predicted_Economic_Loss
1640085594.7848444,1640084700.0
1640085594.7848444,1640084700.0
1640085594.7848444,1640084700.0
